User-ID,Processed
187989,False
212328,False
249096,False
273030,False
213919,False
989,False
8680,False
210896,False
15062,False
30607,False
9896,False
271000,False
57305,False
447,False
5209,False
12917,False
19571,False
20336,False
21061,False
25711,False
35966,False
38176,False
91840,False
112502,False
132382,False
144194,False
228313,False
4435,False
66690,False
229526,False
472,False
262310,False
476,False
5728,False
33124,False
33933,False
193584,False
14698,False
25916,False
127134,False
276402,False
27621,False
69684,False
211028,False
266466,False
1412,False
3538,False
8255,False
15576,False
16161,False
18176,False
31010,False
33114,False
54497,False
85872,False
103920,False
134529,False
164944,False
188598,False
266250,False
41405,False
5722,False
11766,False
24379,False
30320,False
111816,False
169779,False
198389,False
123203,False
20493,False
121331,False
183213,False
28451,False
273167,False
7887,False
122743,False
202711,False
29471,False
53420,False
7941,False
26206,False
39723,False
98988,False
33004,False
274339,False
8323,False
29306,False
269321,False
30667,False
231346,False
180802,False
218249,False
7954,False
25630,False
6564,False
22624,False
93114,False
172234,False
261998,False
2103,False
123094,False
226362,False
55559,False
268231,False
35532,False
77128,False
82608,False
275673,False
4370,False
30939,False
38482,False
98686,False
229632,False
25261,False
178534,False
261780,False
262541,False
39219,False
500,False
24624,False
27091,False
245976,False
505,False
2046,False
37817,False
94159,False
262703,False
72529,False
16192,False
12194,False
37197,False
38559,False
38887,False
70183,False
137627,False
153115,False
183142,False
206109,False
209464,False
262298,False
266840,False
272626,False
22097,False
74959,False
142454,False
181956,False
217211,False
29133,False
274988,False
154646,False
41602,False
216012,False
233435,False
267180,False
41687,False
268589,False
31406,False
32110,False
277639,False
18995,False
164465,False
257198,False
4600,False
204474,False
12390,False
30560,False
34526,False
37841,False
40466,False
137587,False
258614,False
10315,False
8937,False
16796,False
26182,False
29041,False
36157,False
37798,False
112507,False
115552,False
105672,False
4365,False
15918,False
16949,False
137384,False
273465,False
262585,False
5669,False
33491,False
97343,False
27838,False
36935,False
201660,False
6102,False
14423,False
17122,False
19874,False
20347,False
24182,False
24838,False
34726,False
54218,False
54997,False
82795,False
86392,False
262569,False
269314,False
16637,False
14808,False
35445,False
125474,False
208095,False
36704,False
46003,False
144765,False
530,False
542,False
276847,False
9177,False
33163,False
39513,False
50336,False
125156,False
21357,False
76787,False
123597,False
257327,False
267326,False
274199,False
13780,False
27979,False
276412,False
566,False
23816,False
27616,False
29415,False
113723,False
119369,False
170732,False
208019,False
250401,False
261808,False
131243,False
183088,False
242291,False
567,False
30259,False
5153,False
239468,False
94192,False
123988,False
585,False
275414,False
57354,False
79556,False
37235,False
47512,False
234451,False
27313,False
3669,False
6537,False
26151,False
39664,False
42902,False
59209,False
83303,False
100865,False
102399,False
187729,False
224226,False
225731,False
242445,False
251606,False
261862,False
264428,False
273640,False
15686,False
18476,False
24193,False
27538,False
54193,False
14517,False
24934,False
26611,False
27861,False
134137,False
139183,False
208390,False
267103,False
625,False
90105,False
15589,False
74215,False
76798,False
109040,False
183287,False
186003,False
223386,False
263585,False
5204,False
37527,False
131441,False
145558,False
222912,False
215947,False
102158,False
182345,False
164009,False
222488,False
234973,False
628,False
1372,False
241198,False
245802,False
15600,False
35486,False
97598,False
170192,False
265742,False
1211,False
5727,False
8040,False
16000,False
20294,False
23408,False
24082,False
32049,False
33576,False
34075,False
35467,False
36472,False
38308,False
41646,False
61783,False
128434,False
143103,False
186697,False
237941,False
238610,False
248221,False
263663,False
275573,False
3977,False
24767,False
59770,False
153570,False
167515,False
3917,False
30795,False
119582,False
163485,False
273635,False
27169,False
31786,False
40764,False
183788,False
18672,False
20919,False
118079,False
129289,False
164370,False
9718,False
117398,False
191575,False
252676,False
275220,False
28585,False
235929,False
188171,False
20751,False
19019,False
155173,False
183340,False
189249,False
24733,False
139688,False
148928,False
16818,False
35233,False
18250,False
136585,False
32944,False
275274,False
31211,False
189665,False
33153,False
108243,False
113955,False
133957,False
148199,False
18311,False
18963,False
30183,False
60098,False
216110,False
38544,False
26435,False
177590,False
16046,False
169784,False
249612,False
3282,False
30979,False
275321,False
640,False
3192,False
3923,False
6689,False
27499,False
28790,False
108197,False
249958,False
643,False
80803,False
234281,False
174334,False
13141,False
26120,False
103144,False
141600,False
165806,False
185538,False
193560,False
92938,False
8890,False
18494,False
34908,False
168129,False
196148,False
261738,False
264828,False
25919,False
20794,False
32569,False
651,False
10654,False
18714,False
30116,False
43698,False
16005,False
183436,False
216579,False
193131,False
274983,False
109771,False
145728,False
261973,False
56090,False
6330,False
657,False
17724,False
116856,False
270026,False
57999,False
32861,False
276704,False
695,False
5899,False
8872,False
24835,False
115804,False
698,False
5600,False
140822,False
209154,False
705,False
708,False
65752,False
95915,False
68760,False
216027,False
3017,False
46351,False
148133,False
265834,False
26070,False
30359,False
38654,False
63452,False
266176,False
273420,False
712,False
184871,False
34230,False
78862,False
80061,False
128077,False
41700,False
75833,False
84126,False
230374,False
239488,False
239610,False
190709,False
31681,False
36992,False
274292,False
714,False
33283,False
212628,False
124066,False
242962,False
262607,False
11819,False
28667,False
237132,False
275936,False
720,False
206171,False
37597,False
17661,False
728,False
44535,False
20446,False
48440,False
2632,False
19969,False
23997,False
38590,False
181254,False
264873,False
5709,False
6867,False
6871,False
13331,False
19935,False
37536,False
50849,False
62069,False
65710,False
71285,False
173216,False
177073,False
247852,False
273252,False
730,False
105596,False
244400,False
269308,False
274609,False
31820,False
40316,False
111356,False
205038,False
31308,False
262576,False
26620,False
200993,False
250105,False
25373,False
209527,False
31900,False
7050,False
8284,False
37654,False
36693,False
120565,False
146421,False
5963,False
96608,False
60970,False
1436,False
1790,False
2033,False
30104,False
31471,False
87549,False
196282,False
265014,False
275179,False
164905,False
10001,False
8672,False
103265,False
4303,False
5490,False
102505,False
219869,False
30554,False
152258,False
266510,False
12734,False
141310,False
14007,False
267444,False
8839,False
14087,False
15230,False
254716,False
753,False
276291,False
150464,False
5350,False
106179,False
215143,False
125274,False
277051,False
26761,False
27168,False
207417,False
6450,False
10985,False
12137,False
23885,False
26251,False
164557,False
166918,False
184195,False
200593,False
256072,False
262271,False
36541,False
17340,False
48087,False
98943,False
262915,False
208555,False
776,False
26155,False
22389,False
10067,False
187520,False
777,False
21112,False
104607,False
782,False
5048,False
138018,False
37208,False
40698,False
169400,False
14173,False
158714,False
2589,False
37699,False
64063,False
126054,False
273737,False
267162,False
269514,False
184990,False
20345,False
236213,False
275631,False
90766,False
119859,False
154441,False
13709,False
23749,False
274951,False
15087,False
34735,False
56246,False
188369,False
272722,False
7107,False
23124,False
37288,False
88631,False
192211,False
4570,False
28704,False
41842,False
68846,False
138380,False
270326,False
23666,False
127505,False
8935,False
13607,False
17726,False
35008,False
138220,False
229140,False
16417,False
253668,False
270714,False
16220,False
241441,False
268134,False
7970,False
25009,False
28488,False
31838,False
274111,False
809,False
811,False
66797,False
2363,False
273336,False
31540,False
3374,False
13733,False
24694,False
61775,False
203058,False
31049,False
238231,False
4066,False
249384,False
22023,False
5286,False
266940,False
12231,False
850,False
173657,False
28537,False
39311,False
191014,False
17177,False
20961,False
33270,False
34762,False
37905,False
163689,False
177021,False
275429,False
16449,False
276929,False
23231,False
47534,False
120860,False
876,False
12965,False
276213,False
36741,False
90471,False
136062,False
271554,False
5385,False
20015,False
29539,False
31424,False
35962,False
190335,False
261528,False
273089,False
69963,False
7312,False
15479,False
36121,False
71897,False
109333,False
147851,False
182429,False
252846,False
158344,False
17402,False
40289,False
4090,False
12278,False
123625,False
896,False
15040,False
18850,False
11192,False
79933,False
191720,False
206150,False
226996,False
75297,False
20846,False
84831,False
214673,False
215745,False
23271,False
32462,False
116006,False
133567,False
170128,False
6092,False
30385,False
39974,False
16383,False
24922,False
36718,False
19866,False
21692,False
23079,False
28993,False
39692,False
58834,False
124688,False
193664,False
276664,False
36103,False
214839,False
22885,False
159308,False
914,False
132500,False
3326,False
45943,False
237900,False
276866,False
6398,False
19970,False
37836,False
924,False
90232,False
25411,False
37294,False
275531,False
7551,False
232579,False
244804,False
8034,False
6894,False
194823,False
246318,False
14573,False
238921,False
275318,False
154592,False
24401,False
159428,False
69986,False
39147,False
91627,False
232611,False
40647,False
11399,False
24768,False
24773,False
34798,False
56917,False
77911,False
1000,False
5100,False
24878,False
36621,False
37209,False
33345,False
1012,False
15874,False
30677,False
36798,False
271016,False
31250,False
230968,False
8815,False
13735,False
4223,False
21912,False
50187,False
228880,False
14952,False
145867,False
268817,False
6492,False
10946,False
17710,False
23280,False
213197,False
2030,False
44727,False
30964,False
211137,False
1048,False
26412,False
33307,False
33834,False
174848,False
265075,False
64954,False
2799,False
57686,False
1063,False
77629,False
250367,False
21593,False
23642,False
11266,False
29527,False
34801,False
27724,False
11933,False
25281,False
31139,False
240932,False
262066,False
16974,False
227517,False
42798,False
203918,False
1087,False
273197,False
1094,False
262719,False
1096,False
258011,False
120893,False
39583,False
61764,False
44824,False
119749,False
174757,False
77891,False
70564,False
100822,False
25700,False
266750,False
2853,False
68473,False
134871,False
15135,False
21701,False
30493,False
30746,False
9714,False
24570,False
274414,False
276328,False
22695,False
24968,False
113984,False
254236,False
39159,False
276062,False
192692,False
221190,False
1348,False
273898,False
24558,False
24932,False
76253,False
129599,False
67174,False
53150,False
41359,False
53225,False
156551,False
47922,False
26624,False
32252,False
34631,False
37932,False
267502,False
269565,False
19233,False
11435,False
128464,False
1137,False
16110,False
38211,False
6532,False
26834,False
151415,False
31099,False
142772,False
41450,False
35144,False
88797,False
204696,False
3362,False
11179,False
77359,False
179012,False
272988,False
33145,False
39379,False
113062,False
70538,False
23188,False
25123,False
26543,False
55955,False
81982,False
1172,False
1174,False
1178,False
29648,False
223350,False
270256,False
274637,False
257962,False
26973,False
14744,False
1192,False
33049,False
9341,False
258913,False
1297,False
215100,False
147649,False
25466,False
56039,False
253852,False
29464,False
105187,False
156971,False
30072,False
47118,False
262248,False
39564,False
163319,False
173650,False
1231,False
11624,False
23127,False
1248,False
263238,False
32154,False
261768,False
32039,False
1254,False
6051,False
202688,False
1485,False
190347,False
164442,False
273376,False
1262,False
3954,False
263413,False
37300,False
30263,False
6516,False
201908,False
1296,False
12282,False
6347,False
23547,False
31594,False
278346,False
4197,False
1314,False
5300,False
85698,False
242879,False
1324,False
3915,False
134663,False
1331,False
206932,False
1332,False
274456,False
5790,False
33026,False
268696,False
6741,False
1355,False
28694,False
101681,False
130430,False
6662,False
37083,False
1369,False
274719,False
31984,False
140232,False
12488,False
1812,False
22200,False
22809,False
24515,False
29000,False
92346,False
95511,False
207636,False
18247,False
32691,False
274005,False
1399,False
5163,False
18395,False
25453,False
36879,False
267267,False
268786,False
25804,False
29337,False
1416,False
27232,False
33442,False
20164,False
110031,False
216501,False
275923,False
263637,False
275908,False
202000,False
18519,False
28682,False
31660,False
98322,False
24191,False
24699,False
37548,False
51224,False
209321,False
237262,False
10660,False
219259,False
269749,False
3719,False
40922,False
7930,False
37377,False
245188,False
15043,False
228008,False
146025,False
1461,False
1466,False
1467,False
44892,False
25722,False
30127,False
32223,False
1473,False
1475,False
1484,False
5770,False
11844,False
14201,False
38277,False
105381,False
1499,False
36379,False
3739,False
8290,False
20022,False
32530,False
33434,False
39464,False
215887,False
267596,False
33759,False
100782,False
34115,False
266566,False
211971,False
38169,False
1556,False
169192,False
10716,False
21575,False
1564,False
73548,False
28661,False
3266,False
1582,False
1585,False
26161,False
263323,False
233299,False
246526,False
2591,False
6642,False
34133,False
13666,False
39353,False
116948,False
10776,False
20851,False
36094,False
141651,False
245839,False
274099,False
35277,False
29846,False
88854,False
138045,False
182393,False
200650,False
26385,False
36801,False
1615,False
18322,False
1618,False
1633,False
161511,False
274029,False
1643,False
270020,False
202963,False
1653,False
33430,False
36964,False
261896,False
264938,False
24861,False
4845,False
23297,False
257368,False
22657,False
33156,False
273587,False
16689,False
24949,False
269231,False
119199,False
1683,False
1687,False
1688,False
1703,False
183931,False
1706,False
37092,False
31392,False
1723,False
2515,False
28636,False
19440,False
22192,False
70796,False
139884,False
129255,False
15421,False
40476,False
49526,False
3418,False
4896,False
5207,False
7072,False
19803,False
26751,False
27664,False
257820,False
273993,False
275375,False
1745,False
1750,False
2442,False
90936,False
239735,False
150690,False
198165,False
170314,False
254839,False
276184,False
1782,False
24183,False
27363,False
17789,False
1799,False
99469,False
171904,False
28795,False
1807,False
81481,False
1809,False
94691,False
138674,False
265908,False
26774,False
5741,False
34657,False
13380,False
19549,False
19760,False
22900,False
39063,False
126695,False
214876,False
233430,False
13896,False
3856,False
33898,False
24697,False
9974,False
11797,False
21751,False
168212,False
224373,False
37332,False
262634,False
2326,False
36972,False
1850,False
1923,False
12828,False
29342,False
30590,False
131913,False
269847,False
141203,False
194957,False
1867,False
36458,False
100251,False
253243,False
28257,False
276094,False
12392,False
33826,False
36570,False
40318,False
253403,False
9246,False
12756,False
26030,False
51574,False
137914,False
15381,False
179216,False
60424,False
34655,False
41831,False
34727,False
9188,False
243206,False
15021,False
25129,False
15076,False
250342,False
224366,False
19429,False
35922,False
276498,False
6582,False
18196,False
18464,False
29117,False
128600,False
166856,False
255717,False
1971,False
1990,False
1995,False
2009,False
20784,False
28191,False
264416,False
12110,False
269031,False
17605,False
262238,False
276127,False
14014,False
193337,False
63405,False
31021,False
29028,False
2024,False
29885,False
37540,False
35698,False
267210,False
273344,False
37777,False
28857,False
16867,False
17357,False
21895,False
36709,False
41751,False
204825,False
235494,False
276683,False
183958,False
35809,False
13080,False
98865,False
18747,False
19531,False
27890,False
40276,False
158361,False
2066,False
2074,False
89891,False
146649,False
27300,False
34521,False
87036,False
2084,False
49144,False
192482,False
24462,False
41295,False
41460,False
190642,False
17569,False
275807,False
34286,False
30270,False
38832,False
11070,False
31421,False
30889,False
275732,False
273439,False
25359,False
264863,False
2136,False
15962,False
5694,False
27888,False
7128,False
17391,False
31268,False
2130,False
34502,False
12143,False
243964,False
6865,False
21116,False
2134,False
24027,False
2135,False
272887,False
21343,False
34776,False
30655,False
2141,False
2155,False
16982,False
252775,False
31580,False
270329,False
7980,False
27214,False
37185,False
4809,False
21855,False
107731,False
152468,False
19981,False
41523,False
275744,False
7181,False
38400,False
172186,False
2189,False
31586,False
270692,False
30682,False
21039,False
2219,False
2232,False
2240,False
193533,False
3944,False
10630,False
36229,False
128906,False
197973,False
15641,False
19565,False
38674,False
41376,False
262859,False
26094,False
35490,False
35713,False
79680,False
18077,False
21202,False
40748,False
270935,False
2281,False
22563,False
276521,False
6824,False
17645,False
15258,False
28076,False
101091,False
22637,False
69600,False
276275,False
142110,False
217595,False
225659,False
250935,False
29974,False
38932,False
2311,False
15654,False
265508,False
17905,False
91478,False
274368,False
3481,False
2329,False
15208,False
224711,False
2334,False
2335,False
25604,False
264688,False
14428,False
36638,False
22211,False
2349,False
33373,False
13032,False
43850,False
192182,False
263733,False
35712,False
89348,False
18886,False
244139,False
3660,False
38123,False
30078,False
19972,False
32211,False
15841,False
275038,False
10965,False
41837,False
197012,False
20859,False
177764,False
12122,False
18173,False
2389,False
7908,False
33203,False
2404,False
2406,False
202501,False
2545,False
41976,False
2415,False
263918,False
95701,False
183524,False
276563,False
49043,False
93220,False
13668,False
275264,False
16386,False
112979,False
2506,False
2520,False
84122,False
19983,False
34019,False
2534,False
2549,False
23659,False
2552,False
46925,False
73464,False
2555,False
16108,False
123500,False
230460,False
262577,False
35185,False
2583,False
27673,False
2598,False
125655,False
11464,False
24941,False
2622,False
27824,False
273347,False
27907,False
16479,False
70740,False
266045,False
2644,False
38659,False
88768,False
2653,False
271935,False
26680,False
2688,False
24945,False
27064,False
260709,False
147781,False
25454,False
274612,False
2731,False
22851,False
6840,False
136908,False
274873,False
126985,False
146869,False
242544,False
18412,False
22387,False
202742,False
261895,False
81731,False
11456,False
23065,False
142973,False
67111,False
2769,False
10433,False
11924,False
27586,False
5730,False
202035,False
262357,False
19217,False
32694,False
275022,False
77686,False
100964,False
128543,False
38248,False
183476,False
33315,False
24145,False
263902,False
94427,False
32559,False
121120,False
41192,False
19815,False
114799,False
3578,False
14283,False
2893,False
14164,False
262944,False
259660,False
184386,False
2896,False
2906,False
2935,False
2943,False
39865,False
2972,False
10813,False
29040,False
33071,False
268416,False
261888,False
3463,False
4401,False
2985,False
2991,False
10668,False
274422,False
3003,False
220302,False
4518,False
39762,False
229358,False
274926,False
243305,False
3071,False
3073,False
3088,False
40988,False
41836,False
252953,False
3142,False
40863,False
14888,False
25389,False
7326,False
22881,False
21376,False
12537,False
8695,False
216555,False
33597,False
29380,False
273458,False
27448,False
275956,False
47779,False
13362,False
41219,False
3185,False
7565,False
100519,False
55637,False
30848,False
3193,False
248289,False
3209,False
34551,False
32575,False
269838,False
268100,False
3289,False
9143,False
33408,False
40664,False
5971,False
3315,False
3320,False
19753,False
276690,False
87600,False
274835,False
33426,False
18134,False
218799,False
3328,False
276560,False
3332,False
268965,False
102899,False
3343,False
18385,False
165977,False
275239,False
22517,False
39750,False
263534,False
3357,False
28109,False
3364,False
3368,False
26153,False
11038,False
272660,False
110584,False
10334,False
8584,False
39106,False
179624,False
234803,False
17926,False
274293,False
5769,False
31102,False
22015,False
3385,False
3393,False
24204,False
165791,False
225815,False
21515,False
41504,False
275636,False
3462,False
11951,False
31950,False
3471,False
3480,False
29408,False
16764,False
10857,False
26664,False
229171,False
3495,False
3508,False
34644,False
3510,False
12583,False
3519,False
39400,False
14357,False
31639,False
11547,False
16713,False
3547,False
222824,False
3550,False
3564,False
275228,False
3573,False
6432,False
22178,False
15527,False
32642,False
223375,False
3583,False
269777,False
7792,False
27809,False
35006,False
222642,False
273314,False
38222,False
265031,False
76957,False
270660,False
3599,False
6990,False
26200,False
29700,False
3603,False
13715,False
266854,False
3613,False
19609,False
275071,False
22894,False
23138,False
28299,False
33431,False
3645,False
276672,False
3655,False
19015,False
20240,False
108726,False
253859,False
142202,False
264934,False
164378,False
166772,False
16237,False
198760,False
30933,False
168542,False
36186,False
3728,False
113961,False
7355,False
37447,False
22605,False
35926,False
39734,False
3792,False
14085,False
16244,False
3799,False
30663,False
33697,False
64948,False
30246,False
19886,False
16585,False
37881,False
38076,False
39608,False
38722,False
7026,False
11279,False
3838,False
12945,False
31261,False
3843,False
204993,False
273133,False
11813,False
21550,False
21750,False
166934,False
39287,False
262484,False
3871,False
3874,False
3876,False
31978,False
3890,False
3896,False
3897,False
8142,False
15250,False
39469,False
58168,False
165507,False
3916,False
39659,False
247165,False
9806,False
31355,False
10917,False
22022,False
8568,False
37689,False
163751,False
265244,False
24585,False
260175,False
13347,False
21176,False
3931,False
3934,False
41155,False
3937,False
201926,False
3940,False
13682,False
3960,False
3983,False
267839,False
275828,False
31398,False
17090,False
4138,False
4044,False
4049,False
4057,False
4060,False
35526,False
11817,False
29474,False
262567,False
171770,False
14998,False
156096,False
21822,False
266512,False
268600,False
22547,False
274680,False
143246,False
18821,False
4097,False
265027,False
28608,False
4119,False
4127,False
4130,False
92846,False
13920,False
31650,False
270486,False
272838,False
18650,False
28602,False
32159,False
4207,False
4216,False
15865,False
20849,False
20854,False
27741,False
79315,False
170181,False
41750,False
243548,False
164717,False
37030,False
37159,False
38262,False
4271,False
15542,False
4286,False
4292,False
4309,False
276581,False
4324,False
4328,False
4351,False
4363,False
4369,False
26332,False
29486,False
4398,False
254498,False
4418,False
37113,False
4428,False
12387,False
74559,False
4475,False
55622,False
144015,False
4495,False
4508,False
211610,False
4516,False
4517,False
38377,False
37034,False
159687,False
39339,False
4547,False
276888,False
6273,False
20871,False
164008,False
37835,False
20254,False
13801,False
33388,False
8503,False
4705,False
4706,False
4710,False
4747,False
25351,False
4760,False
4769,False
272640,False
7400,False
28282,False
38029,False
11201,False
26133,False
4786,False
164191,False
264327,False
15270,False
22747,False
87635,False
29881,False
30293,False
18398,False
4816,False
47605,False
17316,False
25041,False
4838,False
68690,False
273672,False
140291,False
4875,False
243991,False
17460,False
32955,False
13140,False
263840,False
4907,False
4909,False
4933,False
4937,False
12341,False
273651,False
33773,False
37925,False
20155,False
5403,False
30577,False
155669,False
4948,False
6703,False
273054,False
5017,False
5021,False
15803,False
29905,False
